{"cameraMode":{"drawMode":0,"name":"Shaded","section":"Shading Mode"},"sceneLighting":false,"audioPlay":false,"sceneViewState":{"m_AlwaysRefresh":false,"showFog":false,"showSkybox":false,"showFlares":false,"showImageEffects":false,"showParticleSystems":false,"showVisualEffectGraphs":true,"m_FxEnabled":true},"in2DMode":false,"pivot":{"x":-0.09662637859582901,"y":0.9510064125061035,"z":0.08523254096508026},"rotation":{"x":0.017383435741066934,"y":-0.9720931053161621,"z":0.221269428730011,"w":0.07625508308410645},"size":1.2957197427749634,"orthographic":false}